0, 2, description, NULL, ヘッドフォンに、サングラスのツーリングスタイルの植村一也（24）。
1, 2, description, NULL, ロードバイクのペダルを踏み、風を切って走っていく一也に『アバンタイトル』がかぶる。
2, 3, description, NULL, 空と海が広がっている。
3, 3, description, NULL, 軽快に走ってくる一也。
4, 3, description, NULL, と、横道から、フィンを乗せたマウンテンバイクがイン！
5, 3, description, NULL, あっという間に一也を抜き去るマウンテンバイク。
6, 3, speachless, 一也, ……
7, 3, description, NULL, マウンテンバイクに乗る少年？らしき背中。ミチルである。
8, 3, description, NULL, まるで少年にしか見えない服装と髪型をしている。
9, 3, description, NULL, 一也スピードをあげ、ミチルを追い抜いていく。
10, 3, description, NULL, と、ミチルもスピードを上げ、追いつき、追い抜く。
11, 3, description, NULL, 一也、意地になって加速し、猛スピードで一気にミチルを抜き去る。
12, 3, description, NULL, ロードバイクを止め、今来た道を振り返る一也。
13, 3, description, NULL, ミチルの姿はない。
14, 3, speachless, 一也, ……
15, 3, description, NULL, 一也、再びペダルを踏み走っていく。
16, 4, description, NULL, ジンベエザメの巨体が、悠然と通り過ぎる。
17, 4, description, NULL, 続いて、オニイトマキエイが飛ぶように泳いでいく。
18, 4, description, NULL, 縦横無尽に泳いでいく魚たち。
19, 4, description, NULL, 巨大なアクリルガラスの向こうは、まさに海洋のようだ。
20, 4, description, NULL, その前で、胡坐をかいて静かに魚たちを見つめている福原謙三（67）。
21, 4, description, NULL, この水族館の館長である。そこへ、係員がやって来て、
22, 4, dialogue, 係員, 館長、そろそろ会議の時間です
23, 4, description, NULL, わかった、と手を上げる福原。
24, 5, description, NULL, ロードバイクに乗った一也、水族館へ入っていく。
25, 5, dialogue, 係員, 自転車ダメですよ！
26, 5, description, NULL, ヘッドホンの一也、注意に気づかず、ロードバイクを担ぐとエスカレーターを降りていく。
27, 5, description, NULL, 一也の目の前に、イルカプール、いるかスタジオ、オキちゃん劇場等が点在、さらにその向こうには、どこまでも青い海が広がっている。
28, 5, innervoice, 一也, （思わず見とれ）……
29, 5, description, NULL, エスカレーターを上がってくる福原。
30, 5, description, NULL, 一也、景色に見とれたまま、降りて行く。
31, 5, description, NULL, 福原、一也を見る。
32, 5, description, NULL, すれ違う二人。
33, 6, description, NULL, 立ち入り禁止ゾーンに入っていく一也。
34, 6, description, NULL, ×　　　　×　　　　×
35, 6, description, NULL, やってくる一也。
36, 6, description, NULL, プールサイドで、イルカを見ているミチルに気づく。
37, 6, dialogue, 一也, 君、ここ関係者以外立ち入り……、あ、お前さっきの
38, 6, description, NULL, プイッと去っていくミチル。
39, 6, innervoice, 一也, （何だ、あいつ……？）
40, 7, description, NULL, 入ってくる一也。
41, 7, dialogue, 一也, おはようございます
42, 7, description, NULL, 誰もいない。
43, 7, speachless, 一也, ……
44, 7, description, NULL, と、奥の机から顔を上げる、海獣課・仲村圭一課長（38）。
45, 7, innervoice, 一也, (会釈して)……
46, 7, description, NULL, ×　　　　×　　　　×
47, 7, description, NULL, 一也が手持ちぶさたに立っている。
48, 7, description, NULL, 奥の部屋から仲村が現われて、
49, 7, dialogue, 仲村, はいこれ
50, 7, description, NULL, スタッフのポロシャツを一也に差し出す。
51, 7, description, NULL, え？と受け取る一也。
52, 7, dialogue, 仲村, 机は、あっちの片隅を使って
53, 7, description, NULL, 指差した一角には、何もない空机。
54, 7, dialogue, 仲村, 着替えたらみんなに紹介するから
55, 7, speachless, 一也, ……
56, 7, description, NULL, 一也、スタッフ用のポロシャツの意味がわからず目で訴えるが
57, 7, dialogue, 仲村, あ、更衣室はそこ
58, 8, description, NULL, プールサイドにしゃがんでイルカの様子を見ている比嘉剛（25）と望月ユリ（25）。
59, 8, description, NULL, 真新しいポロシャツに着替えた一也と仲村が階段を上がってくる。
60, 8, description, NULL, 仲村、二人に声をかけ一也を紹介する。
61, 8, dialogue, 仲村, 今日からウチで働く獣医の植村一也君
62, 8, dialogue, 一也, よろしくお願いします（頭を下げる）
63, 8, dialogue, 仲村, 飼育員の望月ユリと比嘉剛。飼育のことはこの２人に聞いて覚えるように
64, 8, dialogue, 一也, え、飼育？
65, 8, dialogue, 仲村, えーと、次は……
66, 8, description, NULL, さっさと行ってしまう仲村。
67, 8, dialogue, 一也, え、あ、あの、オレ獣医……
68, 8, description, NULL, 言いながら後を追う一也。
69, 8, dialogue, 剛, あれ？　今年になって辞めたの、３人だっけ
70, 8, dialogue, ユリ, ４人。だから、５番目の獣医
71, 8, dialogue, 剛, いつまでもつかな……
72, 8, description, NULL, 二人の見つめる先、他の飼育員たちに一也が紹介されている。
73, 9, description, NULL, ユリ、飼育員たちに混じって、一也がおぼつかない手つきでトビウオを切っている。
74, 9, description, NULL, ユリが、新たなトロ箱をまな板に乗せる。
75, 9, dialogue, 一也, ……まだ切るんですか
76, 9, dialogue, ユリ, １頭で１日10キロ、20頭いるから２００キロ以上。それを６回にわけて食べさせるのよ
77, 9, dialogue, 一也, １日中餌切りと餌やりですか
78, 9, dialogue, 剛, １年中だよ
79, 9, speachless, 一也, ……
80, 9, dialogue, 剛, ヒレちゃんと落とせよ。イルカが喉詰まらすから
81, 9, description, NULL, テキパキとトビウオを処理していく剛。
82, 9, description, NULL, 一也、何か言いたい気持ちを抑えて餌切りに戻る。
83, 10, description, NULL, 水が落とされたプールにイルカが４頭。どじょうのように体をくねらせている。
84, 10, description, NULL, ヘルメットに胴付ゴム長靴姿の一也が、ハシゴを降りていく。
85, 10, description, NULL, 剛、ユリ、飼育員Ａ、Ｂ、Ｃが、専用担架にイルカを乗せようとしている。
86, 10, dialogue, 仲村, ウチにはイルカが全部で20頭いる。バンドウイルカが５頭、オキゴンドウが６頭、ミナミバンドウが６頭、カマイルカが２頭、シワハイルカが１頭だ
87, 10, dialogue, 一也, ……はぁ
88, 10, dialogue, 仲村, 今日中にイルカの顔と名前を覚えるように
89, 10, description, NULL, 目の前のプールには、４頭のバンドウイルカ。
90, 10, dialogue, 一也, （４頭を見渡し）みんな同じ顔じゃないっすか
91, 10, dialogue, 仲村, 傷や体の色で見分けろ。右からポイ、コニー、ダン、フジ
92, 10, speachless, 一也, ……
93, 10, description, NULL, 専用担架に乗せられたイルカがクレーンで吊り上げられ、分銅を用いた天秤ばかりで体重測定される。
94, 10, description, NULL, ×　　　　×　　　　×
95, 10, description, NULL, 最後に一人残ってプールを掃除している一也。
96, 10, description, NULL, 汗だくで、デッキブラシを壁面にこすりつけている。
97, 10, innervoice, 一也, （何でこんなことしなきゃ……）
98, 10, description, NULL, と、突然、頭の上に滝のような水が降ってくる。
99, 10, dialogue, 一也, うわっ！
100, 10, description, NULL, 水流で床に投げ出され、フジの目の前に来る一也。
101, 10, description, NULL, フジ、バタバタと尾びれを振りながら逃げていく。
102, 10, description, NULL, 一也、立ち上がりハシゴを昇っていくと、ユリが手を貸す。
103, 10, dialogue, ユリ, 植村君、ビッグマザーに嫌われちゃったね
104, 10, dialogue, 一也, ビッグマザー？　そんな名前いましたっけ？
105, 10, dialogue, ユリ, フジのことよ。芸は苦手だけど３頭の子供を産んだ子育ての名人、だからビッグマザー
106, 11, description, NULL, 朝の元気と裏腹に、ロードバイクをトロトロとこいで帰ってくる一也。
107, 11, description, NULL, ロードバイクを降りると、背後から声がかかる。
108, 11, dialogue, 一也, (振り向き)あっ、お前……
109, 11, description, NULL, ミチル、黙って泡盛の瓶を突き出す。
110, 11, dialogue, 一也, え……？
111, 11, dialogue, ミチル, オジイから引っ越し祝い
112, 11, description, NULL, 踵を返して、向かいの家に走っていくミチル。
113, 11, dialogue, 一也, オジイって誰……、おいっ！
114, 11, description, NULL, 向かいの家の縁側で、クバの葉を編みながらサバニのアカ汲みを作っている玉城のオジイ。一也をチラリと見る。傍らには泡盛。
115, 11, innervoice, 一也, ……（ペコッと頭を下げる）
116, 12, description, NULL, 餌やりをしながらトレーニングをするユリ。
117, 12, description, NULL, 餌のバケツを持った一也が来る。
118, 12, description, NULL, と、海獣課の方へ歩いて来るミチルに気づく。
119, 12, innervoice, 一也, (あれ？　またあいつ……)
120, 12, dialogue, ユリ, どうしたの？
121, 12, dialogue, 一也, あ、いや
122, 12, description, NULL, 一也、フジに餌やりを始めようとすると、海獣課から出てきた福原がミチルと話しているのが見える。
123, 12, dialogue, ユリ, (気づいて)あの子、ミチルっていうのよ。館長が昔から世話になっている漁師さんの孫なの
124, 12, speachless, 一也, ……
125, 12, description, NULL, ミチルに親しげに話しかける福原。
126, 12, dialogue, ユリ, 親の離婚でオジイに預けられたまま、学校にも行ってないみたい。いっつもフジに会いに来てんだよね
127, 13, description, NULL, 目覚まし時計が鳴る。
128, 13, description, NULL, １つ鳴り、２つ鳴り、その数が増えていく。
129, 13, description, NULL, もぞもぞと一也の手が伸びてきて、目覚まし時計を探す。
130, 14, description, NULL, 慌てて出てくる一也。
131, 14, description, NULL, ロードバイクに飛び乗り、走り出す。
132, 15, description, NULL, 満員の観客の前、飼育員たちがショーを行っている。見事な技を披露しているイルカたち。
133, 15, description, NULL, 観客から大きな拍手と歓声があがる。
134, 16, description, NULL, 餌のバケツを積んだリヤカーを、走って引いていく一也。
135, 17, description, NULL, ステージ裏から、バケツを持った一也が慌ててやってくる。
136, 17, description, NULL, と、ツルッと滑り、転倒。
137, 17, description, NULL, バケツを引っくり返し、餌がステージに散乱する。
138, 17, description, NULL, イルカたちが、その餌を食べようとステージに乗り上げてきて、一也に迫る。
139, 17, speachless, 一也, ！
140, 17, description, NULL, 大喜びの観客たち。
141, 18, description, NULL, 空のバケツを積んだリヤカーを引いていく一也。
142, 18, description, NULL, 丸窓のところにやってきたフジ、一也を見ている。
143, 18, description, NULL, ふと、丸窓に目を向ける一也。
144, 18, description, NULL, 笑っているようなフジ。
145, 18, speachless, 一也, ……
146, 19, description, NULL, 剛、ユリがイルカを横たわらせ、体温計を肛門に挿入する。
147, 19, description, NULL, ペンでメモを取っている一也。
148, 19, description, NULL, と、過ってペンをプールに落とす。
149, 19, dialogue, 一也, あ、ああ！
150, 19, description, NULL, うろたえる一也。
151, 19, description, NULL, すぐさまプールに飛び込むユリ。
152, 19, dialogue, 剛, 何やってんだお前！　イルカが飲み込んだらどうすんだ！
153, 19, speachless, 一也, ……
154, 19, description, NULL, 上がってきたユリ、無言でペンを一也に突き出す。
155, 19, dialogue, 一也, すみません……
156, 20, description, NULL, 流しの前にしゃがみ込み、一也が１人黙々とバケツを洗っている。
157, 20, description, NULL, 周りには大量のバケツが並んでいる。
158, 20, description, NULL, と、仲村が顔を出す。
159, 20, dialogue, 仲村, どうね、これだけあると楽しいだろ
160, 20, dialogue, 一也, ……課長、オレいつまでこんなことやんなきゃなんないんですか
161, 20, dialogue, 仲村, ん？
162, 20, dialogue, 一也, 餌切りに餌やり。プール掃除にバケツ洗い。全部飼育員の仕事じゃないですか
163, 20, dialogue, 仲村, じゃあ、お前は何がやりたい？
164, 20, dialogue, 一也, イルカの治療をしたり、検査のデータを分析したり、もっと他に――
165, 20, dialogue, 仲村, お前、イルカのことどれだけわかってる！
166, 20, speachless, 一也, ……
167, 20, dialogue, 仲村, （厳しい顔で）飼育ができて、しっかりイルカと付き合えなければ、治療も検査もできやしない
168, 20, speachless, 一也, ……
169, 20, dialogue, 仲村, データを見るだけの獣医なら、ウチはいらない
170, 20, speachless, 一也, ……
171, 20, dialogue, 仲村, （ニコッと顔を崩して）それが館長の方針だ
172, 21, description, NULL, 大声を上げ、全速力でロードバイクをこいでいく一也。
173, 21, description, NULL, ほとばしる汗。息が切れる。
174, 21, description, NULL, 倒れこむようにロードバイクを降りると、地面に寝転がり空を仰ぐ。
175, 22, description, NULL, カウンターの中に七海（30）。
176, 22, description, NULL, グラスに入った泡盛のロックを仲村の前に置く。
177, 22, description, NULL, もう片方の手に何か持っている。
178, 22, dialogue, 仲村, 何ね、これ？
179, 22, dialogue, 七海, 来週、海亀の放流会あるでしょ。その時どうかなと思って
180, 22, dialogue, 仲村, ……え？
181, 22, description, NULL, 海亀の被り物を見つめる仲村。
182, 22, dialogue, 七海, かぶってみて
183, 22, dialogue, 仲村, ……どんなして？
184, 22, description, NULL, 七海、黙ってかぶってみせる。
185, 22, speachless, 仲村, ……
186, 23, description, NULL, 机に突っ伏して眠ってしまっている一也、ハッと目を覚ます。
187, 23, description, NULL, 皆帰ったのか、誰もいない。
188, 23, description, NULL, 机の上で、携帯がブルブルしている。
189, 23, description, NULL, 携帯を手に取り、メールを開く一也。
190, 23, description, NULL, 『元気？　仕事には慣れた？　こっちは忙しいながらも毎日充実してます！　一也も頑張ってね。応援してるよ。　陽子』
191, 23, description, NULL, 写メールを開くと、陽子が笑っている。
192, 23, speachless, 一也, ……
193, 24, description, NULL, 部屋のあちこちに、魚の置物や標本があふれている。
194, 24, description, NULL, 本や資料の山で埋もれているデスクで愛妻弁当をかきこみながら研究論文を書いている福原。
195, 24, description, NULL, と、叫び声が聞こえる。ビクッと反応する福原。
196, 25, description, NULL, 月明かりの中、叫びながら水の中にダイブする一也。
197, 25, description, NULL, 気持ちよさそうに顔を上げると、水面にポカリと浮かんでみせる。
198, 25, speachless, 一也, ……
199, 25, description, NULL, と、近くの水面がさざ波立つ。
200, 25, description, NULL, 見ると、フジが水面からひょっこり顔を出している。
201, 25, description, NULL, 黒いつぶらな瞳でじっと一也を見ているフジ。
202, 25, dialogue, 一也, フジ……
203, 25, description, NULL, 一也の周りをグルグル回るフジ。
204, 25, description, NULL, 遊んで、というように一也に寄ってくる。
205, 25, speachless, 一也, ……
206, 25, description, NULL, 自然に笑みが浮かんでくる一也。
207, 25, description, NULL, 応えるようにフジの体を触ったり、撫でたりする。
208, 25, description, NULL, いつまでも水の中で戯れている一也とフジ。
209, 26, description, NULL, 窓から、イルカラグーンを見下ろしている福原。
210, 27, dialogue, 仲村, まず、持ち方はですね――
211, 27, description, NULL, 海亀の被り物をした仲村が説明する中、地元の小学生や留学生たちが、海亀の放流会に参加している。
212, 27, description, NULL, 一也、剛、ユリ、飼育員たちの先導で、海亀の子供たちが海へ放たれる。
213, 27, description, NULL, 離れたところから、ミチルが見ている。
214, 27, description, NULL, 大海原に向かって泳いでいく海亀の子供たち。
215, 28, description, NULL, “黒潮の海”で悠々と泳ぐ魚たち。
216, 28, description, NULL, 水槽の上では、ジンベエザメの餌やりが行われている。
217, 28, description, NULL, 福原がその様子を説明しながら外国人客を案内している。
218, 28, description, NULL, 書類を手に歩いてきた一也、軽く会釈し、通り過ぎようとする。
219, 28, dialogue, 福原, 植村
220, 28, description, NULL, 広報課長に外国人客を任せる福原。
221, 28, dialogue, 福原, どうだ、やってるか？
222, 28, dialogue, 一也, はい。何とかやってます
223, 28, dialogue, 福原, そうか、まだもってるか
224, 28, speachless, 一也, ……
225, 28, dialogue, 福原, ま、お前も、結構ヤナワラバーだからな
226, 28, speachless, 一也, ？
227, 28, dialogue, 福原, オレも、接待なんかより魚の相手していてーよ
228, 28, innervoice, 一也, （思わず笑う。）
229, 28, description, NULL, 笑って行こうとする福原、戻って。
230, 28, dialogue, 福原, ああ。(小指を立て)コレとうまくやってるか、ええ？
231, 28, dialogue, 一也, え？　ハハ(愛想笑いで)
232, 29, description, NULL, 新聞を読みながらコーヒーを飲んでいる仲村。
233, 29, description, NULL, 一也が入ってくる。
234, 29, dialogue, 七海, いらっしゃい
235, 29, description, NULL, 一也、仲村に軽く会釈する。
236, 29, description, NULL, 仲村も軽く返す。
237, 29, dialogue, 一也, ソーキカレーください
238, 29, dialogue, 七海, はーい
239, 29, dialogue, 一也, （小さな声で七海に）あの、ヤナワラバーってどういう意味ですか？
240, 29, dialogue, 七海, ヤナワラバー？
241, 29, description, NULL, 声が大きい、という顔の一也。
242, 29, dialogue, 仲村, （新聞に目を落としたまま）それはフジのことだな
243, 29, innervoice, 一也, （え？と仲村を振り返る）
244, 29, description, NULL, クスクス笑う七海。
245, 29, innervoice, 一也, （さっぱりわけがわからず）……？
246, 29, dialogue, 七海, 腕白で、強情っ張りって意味
247, 29, description, NULL, 新聞で顔を隠し、笑っている仲村。
248, 29, dialogue, 七海, (笑いながら)あ、ソーキカレーね
249, 29, speachless, 一也, ……
250, 31, description, NULL, 慣れた手つきで、魚を処理していく一也。
251, 31, description, NULL, ポロシャツの背の『ＳＴＡＦＦ』の文字が、ボロボロになっている。
252, 32, description, NULL, ユリと剛、飼育員たちがイルカを押さえている。
253, 32, description, NULL, 手際よく採血する一也。
254, 32, description, NULL, イルカは、信頼しきった様子で静かに体を預けている。
255, 32, dialogue, ユリ, チャオの朝の数値どうだった？
256, 32, dialogue, 一也, 白血球の数も下がってきてますし、血液像も良化してるんで、このままでいきますい
257, 33, description, NULL, 検査機器を使いこなす一也。
258, 33, description, NULL, 棚には日誌がズラリと並んでいる。
259, 34, description, NULL, 仕事が一息ついた一也、携帯で陽子と話している。
260, 34, dialogue, 一也, もしもし？
261, 34, dialogue, 陽子の声, どうしたの？　こんな時間にめずらしいね
262, 34, dialogue, 一也, いや、ちょっと時間空いたから。今大丈夫？
263, 34, description, NULL, 陽子の声｢うん。大丈夫だよ。今、成田に向かってるところ｣
264, 34, dialogue, 一也, え、また出張？
265, 34, dialogue, 陽子の声, そう、今週も休みなし。大変。一也はどうしてんの？
266, 34, dialogue, 一也, こっちも大変だよ。やんなきゃいけないことめちゃくちゃいっぱいあってさ
267, 34, dialogue, 陽子の声, へー
268, 34, dialogue, 一也, 獣医オレ一人だし
269, 34, dialogue, 陽子の声, 頑張ってるじゃん
270, 34, description, NULL, 楽しく話している一也。
271, 34, description, NULL, 丸窓の向こうから、フジがそんな一也を見ている。
272, 35, description, NULL, 三線をつま弾く仲村。
273, 35, description, NULL, 七海、そばの椅子に座り、その美しい音色を聞いている。
274, 36, description, NULL, 丸窓の前、ホイッスル音を出し、落ち着かない様子のフジ。
275, 36, description, NULL, どこか不安そうだ。
276, 37, description, NULL, 一也がラグーンプールの階段を駆け上り、急いで梯子を降りていく。
277, 37, description, NULL, プールの中央にはフジを囲むように仲村、剛、ユリ、飼育員Ａ、Ｂ、Ｃがいる。
278, 37, description, NULL, 一也、歩み寄り、
279, 37, speachless, 一也, ！
280, 37, description, NULL, フジの尾びれの端が白く変色している。
281, 37, description, NULL, 仲村に促されて、尾びれの匂いを嗅ぐ一也。
282, 37, innervoice, 一也, （ウッと顔をしかめる）
283, 37, dialogue, 仲村, 腐った匂いがするだろ
284, 37, dialogue, 一也, ……壊死してますね
285, 37, dialogue, 剛, 壊死してるのはわかってるさッ！
286, 37, speachless, 一也, ……
287, 37, dialogue, 剛, お前、獣医のくせに気づかなかったのかよ！
288, 37, description, NULL, 一也に掴みかかる剛。
289, 37, description, NULL, 一也、その手を振り払うが、剛は再び掴みかかる。
290, 37, description, NULL, ２人、揉み合いになる。
291, 37, description, NULL, 止めようとする仲村の声も聞かず、掴み合ったまま水の中に転がる２人。
292, 37, dialogue, 仲村, いい加減にしろッ！
293, 38, description, NULL, ずぶ濡れの一也、入ってくるなりドクターシャツを脱ぎ、床に叩きつける。
294, 38, speachless, 一也, ……
295, 38, description, NULL, ユリが合羽を取りに入ってくる。
296, 38, description, NULL, 部屋に気まずい空気が流れる。
297, 38, dialogue, ユリ, ……比嘉君ね、前に担当してたリュウっていうイルカを亡くしてるの
298, 38, speachless, 一也, ……
299, 38, dialogue, ユリ, だから獣医のあなたには、ついキツイこと言っちゃうのよ
300, 38, dialogue, 一也, 気持ちはわかりますけど……
301, 38, dialogue, ユリ, 植村君
302, 38, speachless, 一也, ……
303, 38, dialogue, ユリ, あなた、自分が世話してきた動物、死なせたことある？
304, 38, speachless, 一也, ……
305, 38, description, NULL, 記録用のビデオカメラを手に、プールに戻るユリ。
306, 38, description, NULL, 部屋に一人残された一也。
307, 39, description, NULL, プールサイドにミチルがたたずみ、じっとフジを見つめている。
308, 39, description, NULL, 弱々しい泳ぎのフジ。
309, 39, dialogue, 一也Ｎ, フジの発病は突然だった……
310, 40, description, NULL, 日誌を取り出す一也。
311, 40, dialogue, 一也Ｎ, 原因不明の感染症。壊死がなぜ起こったのか？　わからない……。野生のイルカにも、同じ症例が確認されている
312, 40, description, NULL, 『白血球』『血沈』『壊死』と、文字が綴られていく。
313, 41, description, NULL, 水を落としたプール。
314, 41, description, NULL, ドクターシャツを着た一也が、フジの尾びれの壊死した部分を消毒している。
315, 41, description, NULL, 剛、フジの尾びれを押さえている。
316, 41, description, NULL, 目線を合わすことなく作業している２人。
317, 41, description, NULL, 餌の魚に抗生薬を埋め込む一也。
318, 41, dialogue, 一也Ｎ, 薬をより強いものに変える。その副作用なのか、肝機能障害が出始める。しかし、その後も壊死は止まらず、進行する
319, 41, description, NULL, フジの口を開けようとする剛とユリ。
320, 41, description, NULL, 一也が魚を与えようとするが、フジは口を開かない。
321, 41, description, NULL, ×　　　　×　　　　×
322, 41, description, NULL, 一也、剛、ユリ、フジに点滴をしている。
323, 41, dialogue, 一也Ｎ, 栄養と薬を与えるため、点滴に変える。しかし、その後も壊死は止まらず、進行する
324, 42, description, NULL, 仲村のデスクの前に一也がいる。
325, 42, dialogue, 一也, 調べた限りでは、フジと似たような症例で、生存しているイルカは１頭もいません
326, 42, description, NULL, 自席で仕事しながら、一也の言葉を聞いている剛、ユリ、飼育員Ａ、Ｂ、Ｃ。
327, 42, dialogue, 仲村, ……で、お前の結論は？
328, 42, dialogue, 一也, ……壊死した部分を、切り落とすしかないと思っています
329, 42, speachless, 剛, !?
330, 42, dialogue, ユリ, 他に方法はないの？
331, 42, dialogue, 一也, このまま今の治療を続けても、死ぬのを待つだけです
332, 42, speachless, 一同, ……
333, 42, dialogue, 剛, 切れば助かるのか？
334, 42, dialogue, 一也, 壊死が止まらなければフジは確実に死にます。切り落として壊死が止まれば、助かる可能性があります
335, 42, speachless, 一同, ……
336, 43, description, NULL, 海側にもう１つ小さなプール（隔離プール）がある。
337, 43, description, NULL, フジの尾びれを、サーモグラフィーのカメラで診察する一也。
338, 43, dialogue, 一也Ｎ, サーモグラフィーで壊死の状態を検査する
339, 43, description, NULL, 色が異なる尾びれの画像が現れる。
340, 43, dialogue, 一也Ｎ, フジの尾びれの４分の３に血液が流れていなかった
341, 44, description, NULL, フジがポツンと一頭だけ弱々しく浮かんでいる。
342, 44, dialogue, 仲村の声, 明日、電気メスによるフジの尾びれの切除手術を行う
343, 45, description, NULL, 仲村が、一也と飼育員全員を前に話している。
344, 45, description, NULL, 神妙な様子で聞いている一同。
345, 45, dialogue, 仲村, 手術は県立北部病院の島袋先生にお願いしました。尾びれの右側を島袋先生、左側を植村が担当する
346, 45, speachless, 一也, ……
347, 45, dialogue, 剛, 経験もない獣医で大丈夫なんですか
348, 45, dialogue, 仲村, 誰にでも初めてはある
349, 45, speachless, 一也, ……
350, 46, description, NULL, 福原が、浮かんでいるだけのフジを見ている。
351, 46, description, NULL, やってきた一也、福原に気づく。
352, 46, dialogue, 一也, お疲れさまです
353, 46, dialogue, 福原, ……単純だけどいい名前だよな
354, 46, speachless, 一也, ……
355, 46, dialogue, 福原, 富士山の見える伊豆の海から来たからフジ。オレが付けたんだけどな
356, 46, innervoice, 一也, （微苦笑）
357, 46, dialogue, 福原, もう30年になるか、フジがここに来てから……
358, 47, description, NULL, 沖縄海洋博覧会の会場(空撮)。
359, 47, description, NULL, ――テロップ『１９７５年　沖縄国際海洋博覧会』
360, 47, dialogue, 福原の声, 沖縄海洋博が終わってすぐだったから……
361, 47, description, NULL, ×　　　　×　　　　×
362, 47, description, NULL, 会場へリポート。木箱に入れられた、およそ６歳の雌イルカ（フジ）が、ヘリコプターから搬出される。
363, 47, description, NULL, ×　　　　×　　　　×
364, 47, description, NULL, 水族館。専用担架で吊るされ、背中には濡れ毛布をかけられたフジがプールに放たれる。
365, 47, dialogue, 福原の声, フジはとにかく頑固で、あまのじゃくで、手を焼かされたもんだ
366, 47, description, NULL, ×　　　　×　　　　×
367, 47, description, NULL, 沖縄海洋博覧会でのイルカショー。
368, 47, dialogue, 福原の声, ショーが嫌いでな、得意な技は１つもなかった
369, 47, description, NULL, ×　　　　×　　　　×
370, 47, description, NULL, フジの出産。
371, 47, description, NULL, 生殖溝から出てくる赤ん坊の尾びれ。
372, 47, dialogue, 福原の声, だけど、３頭も子供を生んで、育てた。フジは美ら海のビックマザーだ
373, 47, description, NULL, ×　　　　×　　　　×
374, 47, description, NULL, 子供をプールの縁から守るように並んで泳ぐフジ。
375, 48, dialogue, 福原, ……手術は明日か
376, 48, dialogue, 一也, はい……
377, 48, dialogue, 福原, そうか……
378, 48, description, NULL, 去っていく福原。
379, 48, speachless, 一也, ……
380, 48, description, NULL, 静かに浮かんでいるフジ。
381, 49, description, NULL, ロードバイクで帰ってくる一也。
382, 49, description, NULL, と、家の前でミチルがしゃがんで待っている。
383, 49, innervoice, ミチル, （じっと見つめ）……
384, 49, speachless, 一也, ……
385, 49, description, NULL, 一也、通り過ぎようとすると、ミチルが立ち上がる。
386, 49, speachless, ミチル, ……
387, 49, innervoice, 一也, (立ち止まり)……
388, 49, dialogue, ミチル, ……フジは助かるのか？
389, 49, dialogue, 一也, ……やれるだけのことはやる
390, 49, description, NULL, 一也をじっと見て、踵を返し帰っていくミチル。
391, 49, speachless, 一也, ……
392, 50, description, NULL, 迷路のような道を歩いていくミチル。
393, 51, description, NULL, 担架に乗せられたフジが、剛、ユリ、飼育員Ａ、Ｂ、Ｃに押さえられている。
394, 51, description, NULL, 仲村と一也の前に、県立北部病院の医師・島袋隆史（57）。
395, 51, description, NULL, 一也がフジの尾びれに麻酔を打つ。
396, 51, description, NULL, ×　　　　×　　　　×
397, 51, description, NULL, 電気メスを手にした島袋が、右の尾びれを切り落としていく。
398, 51, description, NULL, その手の動きをじっと見ている一也。
399, 51, description, NULL, フジを押さえる剛の手に力が入る。
400, 51, dialogue, 剛, 頑張れよ、すぐ終わるから
401, 52, description, NULL, 息を切らしながら険しい坂を上っていくミチル。
402, 53, description, NULL, 電気メスの鋭い音が微かに響いている。
403, 53, description, NULL, じっと痛みに耐えているフジ。
404, 53, description, NULL, 心配そうに見守る仲村、剛、ユリたち。
405, 53, description, NULL, 左の尾びれが切り離され、受け取る一也。
406, 53, speachless, 一也, ……
407, 54, description, NULL, ミチルの前に、がじゅまるの巨木が現れる。
408, 55, description, NULL, 一也、大きく深呼吸すると、左の尾びれを電気メスで切除し始める。
409, 56, description, NULL, 森の中にひっそりそびえるがじゅまるの木。
410, 56, description, NULL, 木の下に歩いていくミチル。
411, 57, description, NULL, 真剣な表情の一也。
412, 57, description, NULL, フジを押さえる剛、一也の手術を見守っている。
413, 57, description, NULL, 分厚い尾びれから煙が出る。
414, 57, description, NULL, フジの鳴き声が周囲を包み込む。
415, 58, description, NULL, 木の根元で、手を合わせ祈るミチル。
416, 59, description, NULL, うちわのように丸く小さくなった尾びれのフジに、剛が餌を与えている。
417, 59, description, NULL, 餌を食べるフジ。
418, 59, dialogue, 一也Ｎ, 手術は成功した。フジの食事量は少しずつ増え、傷口も順調に回復してきている
419, 60, description, NULL, 飼育員総動員でフジを移動している。
420, 60, description, NULL, 落水されたプールから、専用担架に乗せられたフジがクレーンで吊り上げられ、プールの外に止められたトラックの荷台に移される。
421, 60, dialogue, 一也Ｎ, 白血球の値が正常に戻り、２次感染の心配もなくなった
422, 60, description, NULL, ×　　　　×　　　　×
423, 60, description, NULL, 走るトラック。その荷台、専用担架に乗ったフジ。
424, 60, dialogue, 一也Ｎ, フジを隔離プールからラグーンプールに戻す。フジの命は、助かった
425, 60, description, NULL, ×　　　　×　　　　×
426, 60, description, NULL, クレーンに吊るされた担架からメインプールに放たれるフジ。
427, 61, description, NULL, ほとんど動くことなく浮かんでいるだけのフジ。
428, 61, description, NULL, 土砂降りのプールサイドで、フジを見つめるミチル。
429, 62, description, NULL, いくつものホイッスル音を発しながら、野性のイルカたちが、自由に大海を泳いでいく。
430, 63, description, NULL, ハッと夢から覚める一也。
431, 63, innervoice, 一也, （あ……）
432, 63, description, NULL, 倒れたカップからコーヒーがこぼれ、本の表紙がコーヒーまみれになっている。
433, 63, description, NULL, 慌てて拭く一也。
434, 63, description, NULL, その本、『マナティ、海に暮らす』。
435, 63, description, NULL, ふと、イルカラグーンの方に人の気配を感じ、窓の外を見る。
436, 64, description, NULL, プールの中央に、フジがポツンと浮かんでいる。
437, 64, description, NULL, プールサイドに立つ人影が、突然プールに飛び込む。
438, 64, description, NULL, 丸窓の中を横切る人影。
439, 64, description, NULL, 懐中電灯を手に階段を上がってきた一也、あたりを見回す。
440, 64, description, NULL, プールから上がった人影が走り出す。
441, 64, description, NULL, 後を追う一也。
442, 65, description, NULL, 逃げる人影。
443, 65, description, NULL, 追う一也。
444, 65, description, NULL, 一也、人影に追いつき、その背を掴む。
445, 65, description, NULL, 倒れ込む２人。
446, 65, description, NULL, くんづほぐれつ相手を押さえ込む一也。
447, 65, dialogue, 一也, おいッ
448, 65, description, NULL, 相手の肩を掴み、顔を見る一也。
449, 65, innervoice, 一也, （お前）……
450, 65, innervoice, ミチル, （キッと一也を睨み）……
451, 65, speachless, 一也, ……
452, 65, dialogue, ミチル, (その手を振り払い)泳げないイルカはイルカじゃない！
453, 65, description, NULL, 暗闇の向こうへ走り去っていくミチル。
454, 65, speachless, 一也, ……
455, 66, description, NULL, ポツンと浮かんでいるフジ。
456, 66, description, NULL, じっと見つめている一也。
457, 66, speachless, 一也, ……
458, 67, description, NULL, サバニの船底に溜まった水を、アカ汲みでかきだしているオジイ。
459, 67, description, NULL, ロードバイクを押して、一也が力なく歩いてくる。
460, 67, speachless, オジイ, ……
461, 67, speachless, 一也, ……
462, 68, description, NULL, オジイと一也を乗せたサバニが、沖へ向かって走る。
463, 68, description, NULL, やがて、大海原が広がっていく。
464, 68, description, NULL, ×　　　　×　　　　×
465, 68, description, NULL, 夕凪になっている。
466, 68, description, NULL, サバニの上のオジイと一也を、夕陽がオレンジ色に染めている。
467, 68, description, NULL, 身じろぎもせず、海を見つめているオジイと一也。
468, 68, description, NULL, 69　海沿いの道
469, 68, description, NULL, 一也が全速力でロードバイクをこいでいく。
470, 70, description, NULL, 机の上の資料の山から『マナティ、海に暮らす』を探し出す。
471, 70, description, NULL, 傍にあった『ＣＲＣハンドブック』も手に取る。
472, 70, dialogue, 一也の声, フジは、このまま泳がない状態が続けば、新たな病気を引き起こす可能性があります。フジの尾びれを再生するプロジェクトを立ち上げたいんです――
473, 71, description, NULL, 海を一望できるベランダに立つ福原と一也。
474, 71, description, NULL, 福原は望遠鏡でホエールウォッチングをしている。
475, 71, dialogue, 一也, ――直接、ブリヂストンの本社に交渉しに行きたいのですが
476, 71, dialogue, 福原, ……面白そうじゃないか
477, 71, speachless, 一也, ……
478, 71, dialogue, 福原, フジが泳げるようになれば、ミチルも元気が出るだろう
479, 71, speachless, 一也, ？
480, 71, dialogue, 福原, ミチルの母親は男を追いかけて本土に行ったんだ。それ以来、オジイがあの子の面倒を見てる
481, 71, speachless, 一也, ……
482, 71, dialogue, 福原, ミチルは、フジに母親を重ねてんのかもしんねえなぁ……
483, 71, speachless, 一也, ……
484, 71, dialogue, 福原, やってみな
485, 71, dialogue, 一也, （嬉しい）……はい
486, 71, dialogue, 福原, なかなか出くわさねえもんだなぁ、クジラには……
487, 72, description, NULL, オジイが縁側で煙草をふかしていると、ミチルが帰ってくる。
488, 72, dialogue, オジイ, ミチル、お前の母さんから、荷物届いてるよ
489, 72, description, NULL, ミチル、宅配便の箱を一瞥するが、奥へいってしまう。
490, 72, description, NULL, ×　　　　×　　　　×
491, 72, description, NULL, 寝ているオジイの隣の布団で天井を見つめているミチル。
492, 72, speachless, ミチル, ……
493, 73, description, NULL, メモを見ながらやってくる一也。
494, 73, description, NULL, 期待と不安の目でビルを見る。
495, 74, description, NULL, ブリヂストンの社員３人を前に、一也がいる。
496, 74, description, NULL, 社員たち、手元の様々なフジの写真に目をやっている。
497, 74, description, NULL, ブランド推進室長、遠藤（５１）が、おもむろに口を開く。
498, 74, dialogue, 遠藤, 私どもは、自動車のタイヤなどのゴム製品を取り扱うメーカーです。正直……生き物相手の製品をこれまで作ったことがなく、非常に難しいかと……
499, 74, description, NULL, 開発部部長の須藤勇治（４１）と部下の原田（３２）もじっと聞いている。
500, 74, dialogue, 一也, イルカの尾びれは、タイヤのゴムの感触にそっくりなんです
501, 74, description, NULL, 『マナティ、海に暮らす』を取り出す一也。
502, 74, description, NULL, 表紙にはコーヒーの大きな染みができている。
503, 74, description, NULL, 本を開き、海亀の人工手びれをアメリカのグッドイヤーが作成した写真を見せ、
504, 74, dialogue, 一也, アメリカのグッドイヤーが、サメに右手を食べられた海亀に、手びれを作った例があります。イルカの人工尾びれはまだ誰も作ったことがなく、もしできれば、世界初です
505, 74, description, NULL, じっと写真に見入っていた須藤、一也を見る。
506, 74, speachless, 須藤, ……
507, 74, description, NULL, 一也、フジの写真を見せ、
508, 74, dialogue, 一也, 今のままではフジは泳ぐことができません。浮いているだけです。毎日毎日、ただ浮いているだけなんです。フジに人工尾びれを作ってやってください。フジを助けたいんです。もう１度泳がせてやりたいんです。お願いします！（頭を下げる）
509, 74, description, NULL, じっと聞いている須藤。
510, 74, dialogue, 須藤, ……お話はよくわかりました。１度検討させてください。後日こちらから連絡差し上げます
511, 74, description, NULL, 遠藤と原田、意外そうな顔で須藤を見る。
512, 74, description, NULL, 深く頭を下げたままの一也。
513, 74, description, NULL, 75　イルカラグーン・メインプール(夜)
514, 74, description, NULL, 暗くなったプールに、静かに浮かんでいるフジ。
515, 76, description, NULL, 窓の外は雨。
516, 76, description, NULL, 着メロが鳴る。
517, 76, description, NULL, 青山陽子(24)が、携帯に出る。
518, 76, dialogue, 陽子, もしもし
519, 76, dialogue, 一也の声, もしもし、悪い、今そっち向かってるから
520, 76, dialogue, 陽子, 後どれくらいかかりそう？
521, 77, description, NULL, 雨の中、携帯で話しながら歩いている一也。
522, 77, dialogue, 一也, んー、３０分ぐらいかな
523, 77, dialogue, 陽子, ３０分？
524, 77, description, NULL, カフェで一也を待っている陽子、携帯で話す。
525, 77, description, NULL, ※以下、一也と陽子のシーン、カットバック。
526, 77, dialogue, 一也, うん
527, 77, dialogue, 陽子, 時間ないよ
528, 77, dialogue, 一也, えっ、なんで？
529, 77, dialogue, 陽子, 会社戻んなきゃいけないの
530, 77, dialogue, 一也, マジ？　こんな時間に？
531, 77, dialogue, 陽子, 仕事残ってるから
532, 77, dialogue, 一也, (立ち止まり)……会いたい
533, 77, dialogue, 陽子, ……私も同じだよ
534, 77, speachless, 一也, ……
535, 77, dialogue, 陽子, ずっと待ってたんだから
536, 77, dialogue, 一也, ……ゴメン
537, 77, dialogue, 陽子, またさ、東京来る予定ないの？
538, 77, dialogue, 一也, ……いや、ちょっと、わかんないな
539, 77, dialogue, 陽子, そっか。タイミング合わないね
540, 77, dialogue, 一也, “どこでもドア“でもあればいいのにな
541, 77, dialogue, 陽子, 変わらないねー、一也は
542, 77, speachless, 一也, ……
543, 77, dialogue, 陽子, じゃあ……気をつけて帰ってね
544, 77, dialogue, 一也, うん……じゃあ、また連絡する
545, 77, dialogue, 陽子, うん、バイバイ
546, 77, description, NULL, 電話を切る陽子。
547, 77, description, NULL, 一瞬フッと寂しげな顔で、水滴が流れる窓ガラスを見る。
548, 78, description, NULL, マナティーがゆったりと水の中を泳いでいる館内。
549, 78, description, NULL, ミチルが、モニター画面を見つめている。
550, 78, description, NULL, マナティーの出産シーンの映像が映し出されている。
551, 78, description, NULL, 生殖溝から赤ん坊のマナティーが姿を現わし、水中に生まれ出る。
552, 78, description, NULL, 小さな赤ん坊のマナティーは、呼吸をしようと自力で必死に水面に向かう。
553, 78, innervoice, ミチル, （じっと見入って）……
554, 79, description, NULL, 窓際の席で、煙草を燻らせている仲村。
555, 79, description, NULL, カウンターで、剛とユリがソーキカレーを食べている。
556, 79, dialogue, 剛, たった１頭のイルカのために、大企業がそんなもん作ってくれるはずないと思うんだよね
557, 79, dialogue, ユリ, わかんないわよ
558, 79, dialogue, 七海, 植村君だけにね
559, 79, dialogue, 剛, 何だよそれ、七海さんまで
560, 79, description, NULL, そこへ入ってくる一也。
561, 79, dialogue, 七海, いらっしゃい
562, 79, dialogue, ユリ, ブリヂストンから連絡来た？
563, 79, innervoice, 一也, （力なく首を振る）
564, 79, dialogue, 剛, もう忘れてんじゃないのぉ？
565, 79, dialogue, 一也, ……ソーキカレー大盛り！
566, 79, dialogue, 七海, はーい
567, 79, dialogue, 剛, 大体さ、イルカは体に異物をつけられるの、すごく嫌がるんだよ。うまくいくとは思えないね
568, 79, dialogue, 一也, これからは治療だけじゃなくて、リハビリも必要になってくると思うんですよ
569, 79, dialogue, 剛, それはお前の勝手な理屈だろ。そんなことフジがホントに望んでんのか
570, 79, dialogue, 一也, 望んでるかもしれないじゃないですか
571, 79, dialogue, 剛, 望んでないかもしれないだろ
572, 79, dialogue, 一也, わかんないでしょ
573, 79, dialogue, 剛, わかんないだろ
574, 79, description, NULL, 七海、場の空気を和ますように、冗談めかせて、
575, 79, dialogue, 七海, ……フジがしゃべれたらわかるのにねぇ
576, 79, description, NULL, 一同、七海を見る。
577, 79, dialogue, 仲村, 毎日顔つき合わせてたってわからないもんなんだよなぁ、イルカの気持ちって
578, 79, dialogue, 七海, 人の気持ちとおんなじだ
579, 79, description, NULL, 仲村、七海を見る。
580, 79, description, NULL, フッと微笑む七海。
581, 79, speachless, 仲村, ……
582, 79, description, NULL, ×　　　　×　　　　×
583, 79, description, NULL, 仲村の座っていた窓際の席で、一人夜の海を眺めている七海。
584, 80, description, NULL, 飼育員たちが、餌をやりながらトレーニングをしている。
585, 80, dialogue, 一也の声, 課長！
586, 80, description, NULL, 振り返る仲村。
587, 80, description, NULL, 一也が、海獣課の窓から身を乗り出している。
588, 80, dialogue, 一也, 連絡が来ました！
589, 80, description, NULL, 一同、驚いて一也を見る。
590, 80, speachless, 剛, ……
591, 80, dialogue, 一也, ブリヂストンが来ます！
592, 81, description, NULL, 一也のパソコンに、須藤からのメールが届いている。
593, 81, description, NULL, 『フジがもう一度元気に泳げるようになるために、是非協力させて頂きたいと思っております。
594, 81, description, NULL, 株式会社ブリジストン　化工品材料開発部　須藤勇治』
595, 82, description, NULL, ただ浮いてるだけのフジ。
596, 82, description, NULL, その周りを気持ちよさそうに泳いでいるイルカたち。
597, 83, description, NULL, 入ってくる一也、出てきた剛とすれ違う。
598, 83, dialogue, 剛, ……植村
599, 83, dialogue, 一也, はい？(と振り返る）
600, 83, dialogue, 剛, フジのためになることだったらオレは何でもやる。でも、少しでもフジを傷つけたり、ストレスを与えるようなことがあったら一切協力しないからな
601, 83, description, NULL, 去っていく剛。
602, 83, description, NULL, 立ち止まったまま、その背を見ている一也。
603, 84, description, NULL, ついに、人工尾びれプロジェクトが始動！
604, 84, description, NULL, 福原が仲村、一也、剛、ユリ、飼育員全員を前に話している。
605, 84, dialogue, 福原, フジの命は助けることができた。でも、本当にそれだけでいいのか？　俺たちには何ができるのか？
606, 85, description, NULL, 落水したプール。
607, 85, description, NULL, 一也が、フジのうちわのような尾びれを須藤に触らせる。
608, 85, description, NULL, 興味深く、その感触をたしかめている須藤。
609, 85, description, NULL, その光景に、福原の声がかぶる。
610, 85, dialogue, 福原の声, イルカを水族館なんかで飼ってるから、プールに閉じ込めて、冷凍の魚を食わしてるから病気になるんだ、そう言う人もいるだろう。まあ、そうかも知れない。そう言われても仕方がない
611, 85, description, NULL, ×　　　　×　　　　×
612, 85, description, NULL, 福原の声が、フジの尾びれ型取り作業にかぶる。
613, 85, description, NULL, 剛、ユリ、飼育員全員で粘土状のパテをこねている。
614, 85, dialogue, 福原の声, でもな、水族館で海の生物のことを知りたい、見たいという人がいる以上、俺たちはできる限り、生き物にとって快適な環境を作らなきゃならない。人工尾びれなんてもんは、フジにとっちゃいい迷惑なのかも知れねえな。『こんなもんつけやがって泳ぎにくくてしょうがない』そう思うかも知れねえよ。イルカにとって何が幸せなのか、俺たち人間にわかるはずがねえんだ。今回のことはこれからの治療につなげるつもりでやろう。泳ぎが確実に良くなった、速さがこれだけ違うというきちんとしたデータを残してくれ。『人工尾びれを作りました。素晴らしい』そんな、人の勝手な思い込みで終わらせちゃいけねえ。それが、世界初ということの意義であり、使命だと思う
615, 85, description, NULL, 一也が木箱を押さえ、須藤が中心となり、そこにこねたパテを詰めていく。
616, 85, description, NULL, 暴れるフジの体を飼育員たちが押さえ、ユリがホースの水をかける。
617, 85, description, NULL, 仲村と剛が、パテの詰まった木箱の上にフジの尾びれを乗せる。
618, 85, description, NULL, 上蓋を強く押すようにかぶせる須藤と一也。
619, 86, description, NULL, 一也がパソコンに向かい、キーを叩いている。
620, 86, dialogue, 一也の声, ブリヂストン須藤様　リクエストが２点あります。１つは、残ったフジの尾びれを傷つけないこと
621, 87, description, NULL, フジの人工尾びれの型に、液体状のゴムを流し込んでいく須藤。
622, 87, dialogue, 一也の声, ２つ目は壊れないこと。プールの中で壊れると、その破片をイルカが食べてしまう危険があるからです
623, 88, dialogue, 一也の声, 追伸　人工尾びれの完成を待つ間、フジの異物装着訓練を始めました
624, 88, description, NULL, 落水されたプール。
625, 88, description, NULL, くねくねと逃げていくフジ。
626, 88, description, NULL, 黄色い布を手にした剛とユリが、フジの尾びれに巻きつけようと追いかけている。
627, 88, description, NULL, ×　　　　×　　　　×
628, 88, description, NULL, 水の張られたプール。
629, 88, description, NULL, 尾びれにふんどし型ベルトを巻き、平然と浮いているフジ。
630, 88, description, NULL, 目を見張っている仲村。
631, 88, dialogue, 剛, （満足気に）もう、何つけられても大丈夫ですよ
632, 88, description, NULL, 一也もユリも、プロジェクトの前進を感じてか、表情が明るい。
633, 89, description, NULL, 夢中でロードバイクを走らせる一也。
634, 89, description, NULL, と、道の先に、マウンテンバイクに乗ったミチルの後ろ姿が見えてくる。
635, 89, description, NULL, 一也、追い越しざま、
636, 89, dialogue, 一也, イルカの尾びれって、また生えてくるって知ってた？
637, 89, dialogue, ミチル, え？
638, 89, description, NULL, 思わず笑いながら、走り去っていく一也。
639, 89, speachless, ミチル, ？？？
640, 90, description, NULL, 机の上に、届いたばかりのダンボール箱を置く一也。
641, 90, dialogue, 一也の, 開けますよー！
642, 90, description, NULL, 一也がふたを開けると、中には黒いゴム製の人工尾びれ。
643, 90, description, NULL, 目を輝かせて、大切に人工尾びれを取り出す一也。
644, 91, description, NULL, 落水されたプール。
645, 91, description, NULL, 須藤の指示の下、剛がフジの尾びれを持ち、一也が第１次試作の人工尾びれを装着する。
646, 91, description, NULL, 仲村、ユリ、飼育員たちが見守っている。
647, 91, description, NULL, みんなでフジを専用担架から放すと、給水口から海水が注ぎ込まれる。
648, 91, description, NULL, プールサイドから様子を見ているミチル。
649, 91, description, NULL, フジを見つめるミチルに気づく一也。
650, 91, description, NULL, ×　　　　×　　　　×
651, 91, description, NULL, 海水が満ちたプール。
652, 91, description, NULL, 飼育員が水中カメラをスタンバイする。
653, 91, description, NULL, フジが人工尾びれを上下に振り始める！
654, 91, speachless, 一也, ?!
655, 91, description, NULL, 人工尾びれを懸命に振り、水中へと潜っていくフジ。
656, 91, description, NULL, 「泳いでる！」「尾びれを振ってる！」「やった！」
657, 91, description, NULL, 飼育員たちから歓声が上がる。
658, 91, description, NULL, 剛の顔にも満足そうな笑みが広がる。
659, 91, description, NULL, 一也と須藤、丸窓へ走る。
660, 91, description, NULL, 他のイルカたちとともに水中を泳いでいくフジ。
661, 91, description, NULL, 丸窓から、フジをビデオカメラで撮影する一也。
662, 92, description, NULL, モニター画面に、先ほどのフジの泳ぎが映し出されている。
663, 92, description, NULL, 須藤と海獣課の面々、感慨深げに眺めている。
664, 92, dialogue, 仲村, いやぁ、久しぶりに泳いでるフジを見ましたよ
665, 92, dialogue, 須藤, 実は内心ヒヤヒヤしてたんです
666, 92, speachless, 仲村, ？
667, 92, dialogue, 須藤, 人工尾びれが重くてフジが沈むんじゃないかって
668, 92, description, NULL, 一同、微笑む。
669, 92, description, NULL, フジがキックすると、気泡が多く立ち上がる。
670, 92, description, NULL, なかなか進まない。
671, 92, dialogue, 一也, かなり水の抵抗がかかるんですかねぇ
672, 92, speachless, 須藤, ……
673, 92, dialogue, 一也, 普通、尾びれを１、２度振るとスイッと進みますが、フジは何度もキックしてますよね
674, 92, description, NULL, 何度もバタバタとキックし、泳いでいくフジ。
675, 92, dialogue, 須藤, 次は尾びれの大きさと装着部分を改善していきましょう
676, 92, dialogue, 一也, はい
677, 92, description, NULL, 画面には、コニーの泳ぎが映し出されている。
678, 92, description, NULL, コニーの尾びれの動きに、気泡は全くない。
679, 92, dialogue, ユリ, コニーの尾びれってホント綺麗……
680, 92, dialogue, 須藤, 機能的に優れたものは形も美しいですよね
681, 92, description, NULL, 須藤も見とれている。
682, 92, dialogue, 須藤, やっぱり本物はすごいな……
683, 92, dialogue, 剛, （仲村に）リュウの尾びれ、使えるんじゃないですか？
684, 92, dialogue, 仲村, （須藤に）死んだイルカの尾びれならあるんですが、参考になりますか？
685, 92, description, NULL, 須藤、仲村を見る。
686, 93, description, NULL, ホルマリン漬けのイルカの尾びれが、３Ｄ撮影されている。
687, 93, description, NULL, パソコンを操作する須藤。
688, 93, description, NULL, 画面に、尾びれの３Ｄ画像と数字や記号が現われる。
689, 94, description, NULL, 丸窓に頬ずりするように近づいてくるフジ。
690, 94, description, NULL, ミチルが丸窓に顔を押し当て、泳ぐフジを嬉しそうに見ている。
691, 94, dialogue, 一也の声, 須藤様　フジは人工尾びれを着けたことで、少しずつ泳ぎを思い出したようです。最近は、人工尾びれを着けなくても泳ごうとしています。フジの、いや、生き物の生命力には本当に驚かされます
692, 95, description, NULL, 剛が膝下まで水に浸かり、ターゲットをメインプールにいるフジの口に近づける。
693, 95, description, NULL, しかし、フジは敷居を乗り越えようとしない。
694, 95, description, NULL, プールサイドにやってきた一也、その様子を見つめる。
695, 95, description, NULL, 何度も何度もターゲットを掲げ、フジを呼ぶ剛。
696, 95, description, NULL, 柵外からフジを見つめるミチル。
697, 95, dialogue, ユリ, (ミチルを見て)尾びれを安全に着けるために、浅瀬プールに呼び込む訓練なの
698, 95, innervoice, ミチル, （黙ってフジを見つめたまま）……
699, 95, dialogue, ユリ, フジも入ったことのない場所は怖いんだろうな
700, 95, description, NULL, 再びターゲットをフジに向ける剛。
701, 95, description, NULL, しかし、フジは入ってこない。
702, 95, speachless, ミチル, ……
703, 96, description, NULL, 雨の中、剛が一人、ターゲットをフジに向け訓練している。
704, 96, description, NULL, 敷居の前で、しばらくターゲットを見つめているフジ。
705, 96, description, NULL, しかし、くるりと向きを変え、いってしまう。
706, 97, description, NULL, 剛が餌のバケツを持って浅瀬プールに入ってくる。
707, 97, description, NULL, プールの中にダイビングベルを入れて鳴らし、メインプールで漂うフジを呼ぶ。
708, 97, description, NULL, ターゲットを見せ、フジを浅瀬に呼び込もうとする剛。
709, 97, description, NULL, しかし、寄って来るものの、フジはしばらくするとまた戻ってしまい、メインプールで漂うだけだ。
710, 97, description, NULL, プールサイドで見つめているミチル。
711, 97, description, NULL, 何度もターゲットをフジに向ける剛。額から汗がしたたり落ちる。
712, 97, description, NULL, ×　　　　×　　　　×
713, 97, description, NULL, 休んでいる剛。その足元で漂うフジ。
714, 97, description, NULL, ×　　　　×　　　　×
715, 97, description, NULL, 再び、フジにターゲットを向ける剛。
716, 97, description, NULL, と、フジが初めて敷居の上に体を乗り上げる。
717, 97, description, NULL, しかし、あと一歩のところで、メインプールに戻ってしまう。
718, 97, description, NULL, 真剣な眼差しで剛とフジを見つめるミチル。
719, 97, description, NULL, 剛のサインに応え、フジが再び敷居に乗り上げる。
720, 97, description, NULL, 一瞬時間が止まったように、敷居の上で止まったままのフジ。
721, 97, description, NULL, ターゲットを掲げる剛の腕に力が入る。
722, 97, description, NULL, ついに、滑るようにフジが浅瀬へ飛び込んでくる。
723, 97, speachless, ミチル, !?
724, 97, description, NULL, ホイッスルを鳴らし、餌をあげ、フジを撫でる剛。
725, 97, dialogue, 剛, よぉし、やったぞ！　やったぞ！　フジ！
726, 97, description, NULL, 剛と同じ気持ちでフジを見つめるミチル。
727, 98, description, NULL, 机の上に、初期型とクロスベルト型、２つの人工尾びれが並べて置かれている。
728, 98, description, NULL, その周りに、須藤、仲村、一也、剛、ユリ、飼育員たちが集まっている。
729, 98, description, NULL, 机の上にカウリング型を置く須藤。
730, 98, description, NULL, 試作品に注目する一同。
731, 98, dialogue, 須藤, このカウリング型は、クロスベルト型と比べて水の抵抗はほぼ半分になりました
732, 99, description, NULL, 剛のサインで敷居を乗り越えてくるフジ。
733, 99, description, NULL, ユリが尾びれを押さえ、剛がカウリング型人工尾びれを装着する。
734, 99, description, NULL, 一也と須藤、仲村が作業を見守る。
735, 99, description, NULL, フジが、ドルフィンキックで泳ぎ始める。
736, 99, description, NULL, フジの泳ぎを見守る一同。
737, 99, description, NULL, ミチルも柵外からじっと見つめている。
738, 99, description, NULL, フジが、他のイルカたちと戯れるように泳いでいる。
739, 99, description, NULL, 思わず水中マスクをつけ、プールの中へ入る一也。
740, 99, description, NULL, キックする人工尾びれから泡はほとんど出ていない。
741, 99, description, NULL, スピードをあげて、グングン泳いでいくフジ。
742, 99, description, NULL, 水の中から顔を出す一也。
743, 99, dialogue, 一也, （笑顔で）どれがフジだかわかりません！
744, 99, description, NULL, 見ていた一同に笑顔が浮かぶ。
745, 99, description, NULL, フジが、水中から顔を出す。
746, 100, dialogue, ユリ, 偉大なるビッグマザー、フジに乾杯！
747, 100, dialogue, 一同, 乾杯！
748, 100, description, NULL, ×　　　　×　　　　×
749, 100, description, NULL, すでに宴もたけなわである。
750, 100, description, NULL, テーブルの上には、たくさんの沖縄料理。
751, 100, description, NULL, そして、いくつもの空になったグラス。
752, 100, description, NULL, 仲村、剛、ユリら飼育員たち。一也、須藤。
753, 100, description, NULL, 七海が須藤に泡盛を勧める。
754, 100, dialogue, ユリ, 館長のおごりですから、どんどん飲んでください
755, 100, dialogue, 須藤, （飲んで）うまい！
756, 100, description, NULL, 一同に笑いが広がる。
757, 100, dialogue, 須藤, 実は禁酒してたんですよ
758, 100, dialogue, 一也, え、そうなんですか？
759, 100, dialogue, 須藤, 人工尾びれが軌道に乗るまで、飲まないって決めてたんです
760, 100, dialogue, 剛, 浮いてるだけだったフジが、あんなに生き生きと泳ぐなんて、俺はもうサイコーだッ
761, 100, description, NULL, ほろ酔いの剛、嬉しそうだ。
762, 100, dialogue, 須藤, イルカの尾びれを作ってるって言ったら、初めて娘が誉めてくれましたよ
763, 100, dialogue, 七海, フジさまさまですね
764, 100, dialogue, 須藤, 久しぶりに、モノづくりの面白さを思い出しました
765, 100, dialogue, 仲村, 私もこの仕事を20年やっていますが、イルカに教えられることばっかりです
766, 100, dialogue, 一也, 完全にオレたち、フジに先越されてますよね
767, 100, description, NULL, 盛り上がる宴は続く。
768, 101, description, NULL, 丸窓にもたれて眠ってしまっているミチル。
769, 101, description, NULL, 安心したような、どこか穏やかな顔だ。
770, 101, description, NULL, 丸窓から、フジがそんなミチルを見ている。
771, 102, description, NULL, 縁側でごろ寝して泡盛を飲んでいる福原。
772, 102, description, NULL, オジイが家の奥から新しいアカ汲みを持ってきて、黙って福原の側に置く。
773, 102, dialogue, 福原, (起き上がって)……もう海へは出ないのか？
774, 102, speachless, オジイ, ……
775, 102, description, NULL, ２人きりで静かな杯を交わしている。
776, 103, description, NULL, 一也が、イルカにエコー検査を行っている。
777, 103, description, NULL, モニター画面に、イルカの胎児が映し出される。
778, 103, description, NULL, 見学の子供たち、熱心に一也の説明を聞きながら、検査を見ている。
779, 103, dialogue, ユリの声, 植村君！
780, 103, dialogue, 一也, (？と振り返る）
781, 103, description, NULL, メインプールで、ユリが興奮している。
782, 103, dialogue, ユリ, フジがジャンプしたよ！
783, 103, speachless, 一也, !?
784, 104, description, NULL, ビデオカメラを手に、飼育員が水中に潜っていく。
785, 104, dialogue, 一也, (やって来て)ユリさん、ホントですか？
786, 104, dialogue, ユリ, コニーのターゲット目指してジャンプしてきたんだから！
787, 104, dialogue, 一也, (嬉しそうにフジに)すごいな
788, 104, description, NULL, 一也、仲村、飼育員たちが見守る中、剛がハイジャンプのサインを出す。
789, 104, description, NULL, 勢いをつけて水面を泳いでいくフジ。
790, 104, description, NULL, 水面から、勢いよく体が出る！
791, 104, description, NULL, 瞬間、鈍い音が響き、水中に沈んでいくフジ。
792, 104, dialogue, 一也, あれ？
793, 104, dialogue, ユリ, 割れた!?
794, 104, description, NULL, 剛がプールに飛び込む。
795, 104, description, NULL, 心配そうに見つめる一也、仲村、ユリ、飼育員たち。
796, 104, description, NULL, 割れたカウリングを手に、剛が水中から顔を出す。
797, 104, description, NULL, ×　　　　×　　　　×
798, 104, description, NULL, フジに横たわりの姿勢をさせ、尾びれを押さえる剛。
799, 104, description, NULL, フジの尾びれを診る一也。
800, 104, description, NULL, 尾びれには血が滲み、深い傷がある。
801, 105, dialogue, ユリの声, あー、ここです
802, 105, description, NULL, モニター画面に、水中カメラからの人工尾びれの割れる瞬間が映し出されている。
803, 105, description, NULL, 一也、飼育員たち、須藤が見つめている。
804, 105, description, NULL, ライトボードには、人工尾びれのレントゲン写真。
805, 105, description, NULL, 机の上には、壊れた人工尾びれとその破片。
806, 105, dialogue, 須藤, まさかフジがジャンプするとは思いませんでした
807, 105, dialogue, 仲村, 私たちも予想してませんでした
808, 105, dialogue, 一也, 幸い怪我はたいしたことなかったです。それで、次回の改良ではもっと丈夫な――
809, 105, dialogue, 剛, ちょっと待ってください
810, 105, description, NULL, 一同、剛を見る。
811, 105, dialogue, 剛, 人工尾びれをつけなくても、フジは充分泳げるようになってます。壊れるような人工尾びれはもう二度とつけたくありません
812, 105, dialogue, 一也, でも、フジは飛ぼうとしたんですよ。応えてやるべきじゃないですか
813, 105, dialogue, 剛, 怪我したところから菌が入って、また壊死したらどうする?!
814, 105, speachless, 一也, ……
815, 105, dialogue, 剛, お前、責任取れるのか?!
816, 105, speachless, 一也, ……
817, 105, dialogue, 剛, どうなんだよ？　言ってみろ！
818, 105, description, NULL, 一也に迫る剛。
819, 105, dialogue, 仲村, もういい。やめろ
820, 105, speachless, 剛, ……
821, 105, description, NULL, 気まずい空気が流れる。
822, 105, description, NULL, 「失礼します」と出て行ってしまう剛。
823, 105, dialogue, 仲村, （須藤に頭を下げ）すみませんでした
824, 105, dialogue, 須藤, ……いえ
825, 105, speachless, 一也, ……
826, 106, description, NULL, 暗くなったプールを、静かに泳いでいるフジ。
827, 106, dialogue, 須藤の声, ちゅら海水族館　植村一也様――
828, 107, description, NULL, デスクで、一也へのメール見つめている須藤。
829, 107, dialogue, 須藤の声, ――フジを助けたい、もう一度泳がせてやりたい。植村さんの言葉に動かされました。フジと出会えたことに感謝しています。ありがとうございました
830, 108, description, NULL, デスクで日誌をつけている一也、その後姿。
831, 110, description, NULL, ユリがステージに登場しショーが始まる。
832, 110, description, NULL, 客席の階段を陽子が下りてくる。
833, 110, description, NULL, ショーに出ている一也を見つけ、席に着く陽子。
834, 110, description, NULL, 一也に向かって、オキが口先で器用にボールを持ってくる。
835, 110, description, NULL, 観客から大きな拍手と歓声があがる。
836, 110, description, NULL, ステージを掃除するイルカが口から出す水を逃げ回ってよける一也。
837, 110, description, NULL, ドッと受ける観客たち。
838, 110, description, NULL, そんな一也を見つめている陽子。
839, 111, description, NULL, 陽子が誰もいなくなった観客席に座っている。
840, 111, description, NULL, ジュース手にした一也が来る。
841, 111, dialogue, 一也, シークヮーサージュース
842, 111, dialogue, 陽子, ありがと
843, 111, innervoice, 一也, (腰を下ろし)……
844, 111, dialogue, 陽子, ……久しぶりだね
845, 111, dialogue, 一也, ……うん。来るなら連絡くれればよかったのに
846, 111, dialogue, 陽子, 急に仕事が休みになったからさ。びっくりさせようと思って
847, 111, innervoice, 一也, （力なく笑って）……
848, 111, dialogue, 陽子, ……水族館の獣医ってさぁ、大変なんだね
849, 111, speachless, 一也, ……
850, 111, description, NULL, 会話が弾まない２人。重苦しい空気。
851, 111, dialogue, 陽子, ……東京戻って来ないの？
852, 111, speachless, 一也, ……
853, 111, description, NULL, 一也、ちょっと話題を変えるように、
854, 111, dialogue, 一也, ……あ、オレ明日休みだからさ、案内しようか
855, 112, description, NULL, 対岸の島に夕陽が沈んでいく。
856, 113, description, NULL, 誰もいない――
857, 113, description, NULL, クバの葉のアカ汲みに花が生けられている。
858, 114, description, NULL, 墓に向かう人の列が続く。
859, 114, description, NULL, その中に一也もいる。
860, 114, description, NULL, 並んで歩くミチルに、話しかける福原。
861, 114, dialogue, 福原, ……オジイは、オジイのお母のところに帰ったんだ
862, 114, speachless, ミチル, ……
863, 114, dialogue, 福原, ……ウチへおいで
864, 114, speachless, ミチル, ……
865, 114, dialogue, 福原, 婆さんと二人きりだ。心配ない
866, 114, speachless, ミチル, ……
867, 114, description, NULL, 答えず、ただ歩いていくミチル。
868, 115, description, NULL, オジイのサバニが静かに浮かんでいる。
869, 116, description, NULL, がじゅまるの木に抱かれるようにして、静かに泣いているミチル。
870, 116, description, NULL, その周りを、オオヤドカリが蠢いている。
871, 117, description, NULL, さ迷うように歩いているミチル。
872, 117, description, NULL, 涙に濡れた顔が、泥で汚れている。
873, 117, description, NULL, 服にも、草や土がついている。
874, 117, description, NULL, しかし、構わず、どこまでも歩いていくミチル。
875, 118, description, NULL, ゆっくりとロードバイクをこいでくる一也。
876, 118, description, NULL, ふと、何かの気配を感じる。
877, 118, speachless, 一也, ……
878, 119, description, NULL, 静かに浮いているフジ。
879, 119, description, NULL, やがて、ゆっくりと水の中に潜っていく。
880, 120, description, NULL, 導かれるように浜辺の丘へやってくる一也。
881, 120, description, NULL, 海上で、サバニが燃えている。
882, 120, innervoice, 一也, （不思議な感覚で見入って）……
883, 120, description, NULL, 下の浜辺で、ミチルが燃えるサバニを見つめている。
884, 120, speachless, ミチル, ……
885, 120, description, NULL, 浜辺に下りてきた一也、ミチルを見て、また海に目を戻す。
886, 120, description, NULL, 静かに燃え落ちるサバ二を見つめている２人。
887, 121, description, NULL, やって来た一也が人工尾びれを掴む。
888, 122, description, NULL, 人工尾びれを手に、階段を上ってくる一也。
889, 122, description, NULL, 飼育員たちが、餌をやりながらトレーニングしている。
890, 122, description, NULL, その中の剛に近づいていく一也。
891, 122, dialogue, 一也, 比嘉さん
892, 122, speachless, 剛, ……
893, 122, dialogue, 一也, この人工尾びれを見せて、フジが来なかったら諦めます
894, 122, innervoice, 剛, ……(無視して歩き出す)
895, 122, dialogue, 一也, (後を追い)もし来たら、フジにはつける意思があるってことです。これをつけて泳ぎたいってことです。お願いします！
896, 122, description, NULL, 一也、剛の腕を取り
897, 122, dialogue, 一也, 何かあったらオレが獣医として責任を取ります。やらせて下さい！
898, 122, dialogue, 剛, いい加減にしろよ
899, 122, dialogue, 一也, （行く手を遮り）比嘉さん、つけるかつけないかはフジに決めさせて下さい！　お願いします！
900, 122, description, NULL, 頭を下げる一也を無視して行こうとする剛。
901, 122, description, NULL, と、その手を掴み、止める仲村。
902, 122, innervoice, 剛, （見て）……
903, 122, dialogue, 仲村, （剛に）……やってみろ
904, 122, speachless, 剛, ……
905, 123, description, NULL, 剛が人工尾びれを胸の前で掲げ、メインプールにいるフジに向ける。
906, 123, description, NULL, ゆっくりと剛の前までやってくるフジ。
907, 123, description, NULL, フジをじっと見つめる一也、仲村、ユリ。
908, 123, description, NULL, フジはじっと剛を見ている。
909, 123, speachless, 剛, ……
910, 123, description, NULL, 人工尾びれをフジに突き出す剛。
911, 123, dialogue, 剛, （思わず）来るなよ、フジ……
912, 123, description, NULL, 一也、仲村、ユリ、固唾を飲んで見守る……。
913, 123, description, NULL, 浅瀬へ飛び込んでくるフジ。
914, 123, description, NULL, 剛の足元に静かに横たわり、尾びれを向ける。
915, 123, speachless, 剛, ……
916, 123, speachless, 一也, ……
917, 123, description, NULL, しゃがみ込んで、愛しそうにフジを撫でる剛。
918, 123, description, NULL, 一也が、あたたかな目でフジと剛を見ている。
919, 124, description, NULL, 母親から送られてきた宅配便の箱を開けるミチル。
920, 124, description, NULL, 中には洋服が入っている。
921, 124, description, NULL, その一つを手に取ったミチル、広げてみると白地に花柄のワンピース。
922, 124, innervoice, ミチル, (じっと見つめて)……
923, 125, description, NULL, 廊下をやってくる一也。
924, 125, description, NULL, 須藤が部下に指導している。
925, 125, innervoice, 須藤, （一也に気づき）……
926, 125, dialogue, 一也, ……(深く頭を下げる）
927, 125, description, NULL, 須藤、同じように頭を下げると、一也を見つめ、頷く。
928, 125, description, NULL, 一也の顔に笑みがこぼれる。
929, 126, description, NULL, 隅にあるシートカバーを取る須藤。
930, 126, description, NULL, 歴代の人工尾びれがある。
931, 126, description, NULL, 須藤の顔に、新たな決意が広がる。
932, 127, description, NULL, 母親が送ってきたワンピースを着たミチルが、柵越しにフジを見ている。
933, 127, description, NULL, 柵の向こうで、フジもまたミチルを見ている。
934, 127, description, NULL, 柵に沿って歩いていくミチル。
935, 127, description, NULL, ミチルを追うように泳いでいくフジ。
936, 127, description, NULL, 足を止め、じっとフジを見つめるミチル。
937, 127, speachless, ミチル, ……
938, 127, description, NULL, ミチル、思いを断ち切るように踵を返し、去っていく。
939, 127, description, NULL, ミチルの背中を見つめているフジ。
940, 128, description, NULL, ソーキカレーを食べている福原の前に、仲村と七海が並んでいる。
941, 128, dialogue, 仲村, 仲人はぜひ館長にお願いしたい、と２人の意見が一致しまして
942, 128, dialogue, 七海, 引き受けてはもらえませんでしょうか？
943, 128, description, NULL, 頭を下げる２人。
944, 128, dialogue, 福原, ……繁殖だ
945, 128, speachless, 二人, ？
946, 128, dialogue, 福原, いや、フジに負けないように、二人で励んで、繁殖だ
947, 128, description, NULL, 照れる仲村。微笑む七海。
948, 128, description, NULL, そこへ入ってくる一也。
949, 128, dialogue, 福原, おう、お前知ってたか、これ？
950, 128, dialogue, 一也, えっ？　何ですか
951, 128, dialogue, 仲村, 館長（いいですから）
952, 128, dialogue, 福原, まったくなぁ……。あ、ミチル、東京行ったぞ
953, 128, dialogue, 一也, え！……
954, 128, dialogue, 福原, お母に会う気になったんだろ
955, 128, dialogue, 一也, ……なんで早く言ってくれないんですか
956, 128, dialogue, 福原, だってさっきだもん。名護からバスに乗るって――
957, 128, description, NULL, 最後まで聞かずに飛び出していく一也。
958, 128, description, NULL, 微笑んで見送る福原。
959, 128, description, NULL, ふと見ると、まだ並んで立っている仲村と七海。
960, 128, dialogue, 仲村, あの、ボクたちの馴れ初めをお話しましょうか――
961, 128, dialogue, 福原, いい……
962, 128, description, NULL, 黙々とカレーを食べる福原。
963, 128, description, NULL, 笑うしかない仲村と七海。
964, 129, description, NULL, ロータリーの一番端で待つミチルの前に、那覇行きのバスが入ってくる。
965, 130, description, NULL, ロードバイクを走らせる一也。
966, 131, description, NULL, ミチルが、バッグを手にバスに乗り込んでいく。
967, 131, description, NULL, 一也のロードバイクが滑り込んでくる。
968, 131, description, NULL, 那覇行きのバスに向かっていく一也。
969, 131, description, NULL, ミチルを見つけると、座席の横の窓を叩く。
970, 131, description, NULL, バスの窓から、驚いたように一也を見るミチル。
971, 131, description, NULL, 「開けろ！」という一也の声に、窓を開けるミチル。
972, 131, description, NULL, 一也が息を整えながら、ミチルに向かって手を差し出す。
973, 131, innervoice, ミチル, （きょとんとして）
974, 131, innervoice, 一也, ……（握手！）
975, 131, speachless, ミチル, ……
976, 131, description, NULL, 一瞬ためらうが、一也の手を握るミチル。
977, 131, description, NULL, 微笑むミチルと一也。
978, 131, description, NULL, ミチル、真っ直ぐに一也を見て、
979, 131, dialogue, ミチル, ありがと
980, 131, dialogue, 一也, え？
981, 131, description, NULL, バスがクラクションを鳴らし、動き出す。
982, 131, description, NULL, 離れていく２人の手。
983, 131, description, NULL, 動き出したバスの窓からミチルが顔を出し、一也に向かって叫ぶ。
984, 131, dialogue, ミチル, フジの代わりにアタシが言っただけだよ！
985, 131, dialogue, 一也, (追って)いつでもフジに会いに来いよ！
986, 131, description, NULL, だんだん小さくなる一也。
987, 131, description, NULL, ミチルを乗せたバスが、遠くなっていく。
988, 131, description, NULL, 窓から顔を戻し、前を向くミチル。
989, 131, description, NULL, その顔には、しっかりと母と向き合おうとする決意がある……。
990, 132, description, NULL, 須藤が持参したダンボール箱から、新しく製作されたブルーカウリング型人工尾びれを取り出し、一也に手渡す。
991, 132, dialogue, 須藤, ブルーカウリング型です
992, 132, description, NULL, ×　　　　×　　　　×
993, 132, description, NULL, ブルーカウリング型人工尾びれが、剛によって装着される。
994, 132, description, NULL, 見守っている一也、ユリ、仲村、須藤、飼育員たち。
995, 132, description, NULL, 大勢の客が周りで見ている。
996, 132, description, NULL, 剛が人工尾びれを装着し終えるが、フジは浅瀬から出ようとしない。
997, 132, description, NULL, 不安そうに見守る一同。
998, 132, description, NULL, ようやく浅瀬からメインプールへ出るフジ。
999, 132, description, NULL, そして、泳ぎ始める。
1000, 132, description, NULL, フジの動きを追って移動する一同。
1001, 132, dialogue, 剛, 植村
1002, 132, dialogue, 一也, はい？
1003, 132, description, NULL, 剛がターゲット棒を一也の前に差し出す。
1004, 132, description, NULL, え？と剛を見る一也。
1005, 132, description, NULL, 目で肯く剛。
1006, 132, description, NULL, 一也、剛からターゲットを受け取る。
1007, 132, dialogue, 剛, ハイジャンプ、いきます！
1008, 132, description, NULL, 剛の合図でターゲット棒を高く掲げる一也。
1009, 132, description, NULL, フジの助走スペースに、他のイルカたちが入らないように、飼育員たちがプールサイドにつなぎとめる。
1010, 132, description, NULL, フジが底へ向かってグンッと沈み、勢いをつける。
1011, 132, description, NULL, 底にこすりつけるようにして尾びれを蹴るフジ。
1012, 132, description, NULL, 加速し、グングンスピードをあげる。
1013, 132, description, NULL, さらに助走していくフジ。
1014, 132, description, NULL, 固唾を飲む、一也、須藤、仲村、剛、ユリ。
1015, 132, description, NULL, フジが垂直に上がってきて――ジャンプ！
1016, 132, description, NULL, 水を蹴ってフジが跳び出す。
1017, 132, description, NULL, 尾びれが水を離れた瞬間、一気に体を伸ばす。
1018, 132, description, NULL, そして、口先でターゲットにタッチ。
1019, 132, innervoice, 一也, （フジを見つめて）……！
1020, 132, description, NULL, 人工尾びれから、水の粒がゆっくりと散る。
1021, 132, description, NULL, そして、着水。潜っていくフジ。
1022, 132, description, NULL, 見守っていた客たちから、拍手と歓声が上がる。
1023, 132, description, NULL, 須藤、仲村、剛、ユリ、飼育員たちも感嘆。
1024, 132, description, NULL, プールサイドに戻ってきたフジ、人工尾びれを振ってみせる。
1025, 133, description, NULL, 軽快にロードバイクを走らせる一也。
1026, 133, dialogue, 一也の声, 美ら海の人とイルカに、いろんなことを教わりました。オレはここが好きです。この仕事が好きです。イルカのことをもっと知りたいと思っています。だから、東京へは戻りません――
1027, 133, description, NULL, ポストの前で止まると、『青山陽子様』と書かれた手紙を投函する。
1028, 133, dialogue, 一也の声, ――夢を追い続けていきます
1029, 133, description, NULL, 再び風を切って走っていく一也。
1030, 134, description, NULL, 人工尾びれをつけて泳いでいるフジの色々な表情。
1031, 134, description, NULL, その映像をバックに、タイトルロールがあがっていく……。
1032, 134, description, NULL, 〈ＥＮＤ〉
1033, 134, description, NULL, 18